Site Adı;Şartlar;Durum;Yeni
ajaxbet;1k yatırımlı. Maks 2k çekim;yatırımlı;
akcebet;250tl yatırımlı. Maks 500 çekim;yatırımlı;Evet
alevcasino;Maks 500tl çekim;yatırımsız;
almanbahis;2k yatırım. Maks 5k çekim;yatırımlı;
alobet;250tl yatırımlı. Maks 1k çekim;yatırımlı;
altaybet;Maks 300tl çekim;yatırımsız;
amgbahis;Maks 1k çekim;yatırımsız;
amkbet;Maks 1k çekim;yatırımsız;
anadoluslot;Maks 250tl çekim;yatırımsız;
antikbet;Maks 500tl çekim;yatırımsız;
anubisbet;Maks 500tl çekim;yatırımsız;
aresbet;Maks 500tl çekim;yatırımsız;
asyabahis;Maks 1k çekim;yatırımsız;
atlantisbahis;Maks 1k çekim;yatırımsız;
atlasbet;Maks 500tl çekim;yatırımsız;
atosbet;500tl yatırımlı. Maks 1k çekim;yatırımlı;
avrupabet;Maks 1k çekim;yatırımsız;
b1bahis;1k yatırımlı. Maks 2k çekim;yatırımlı;
babilonbet;200tl yatırımlı. Maks 2k çekim;yatırımlı;
bahibom;Maks 1k çekim;yatırımsız;Evet
bahisabi;200tl yatırımlı. Maks 2k çekim;yatırımlı;
bahisal;Maks 500tl çekim;yatırımsız;
bahisbudur;250tl yatırımlı. Maks 1k çekim;yatırımlı;
bahiscasino;Maks 1k çekim;yatırımsız;
bahiscom;500tl yatırımlı. Maks 3k çekim;yatırımlı;
bahisdeyiz;Maks 2k çekim;yatırımsız;
bahisfair;Maks 10k çekim;yatırımsız;
bahisfanatik;250tl yatırımlı. Maks 1k çekim;yatırımlı;
bahislion;Maks 1k çekim;yatırımsız;
bahiso;1 yatırımlı. Maks 1.5k çekim;yatırımlı;
bahisvebahis;Maks 1k çekim. (telegram bonusu);yatırımsız;
bahix;500tl yatırımlı. Maks 1.5k çekim;yatırımlı;
balinabet;Maks 300tl çekim;yatırımsız;
bankobet;500tl yatırımlı. Maks 1k çekim;yatırımlı;
barbibet;Maks 1k çekim;yatırımsız;
bayconticasino;500tl yatırımlı. Maks 1ktl çekim;yatırımlı;
baymavi;1k yatırımlı. Maks 3k çekim;yatırımlı;
bayspin;100tl yatırımlı. Maks 500tl çekim;yatırımlı;
baywin;250tl yatırımlı. Maks 500tl çekim. Ana para ile devam.;yatırımlı;
beinwon;Maks 1k çekim;yatırımsız;
bekabet;Maks 1k çekim;yatırımsız;
benimbahis;500tl yatırımlı. Min 1k çekim;yatırımlı;
benjaminsbet;Maks 250tl çekim;yatırımsız;
berlinbet;Maks 1k çekim;yatırımsız;
bet10bet;Kazanca göre yatırım yaparak maks 500k çekim;yatırımlı;
betadonis;100tl yatırımlı. Maks 10k çekim;yatırımlı;
betador;500tl yatırımlı. Maks 1k çekim;yatırımlı;Evet
betamiral;Maks 150tl çekim;yatırımsız;
betasus;Maks 2k çekim;yatırımsız;
betbetin;1k yatırımlı. Maks 3k çekim;yatırımlı;
betbigo;Maks 1k çekim;yatırımsız;
betbom;500tl yatırımlı. Maks 1k çekim;yatırımlı;
betbox;Maks 1k çekim;yatırımsız;
betci;Maks 1k çekim;yatırımsız;
betcup;500 yatırımlı. Maks 2.5k çekim;yatırımlı;
betebet;Maks 2.5k çekim;yatırımsız;
betenerji;1k yatırımlı. Maks 10k çekim;yatırımlı;
betesbet;Çekim tutarının yarısı kadar yatırım. Maks 10k çekim;yatırımlı;Evet
betewin;Maks 500tl çekim;yatırımsız;
betexper;Maks 250tl çekim;yatırımsız;
betforce;2.5k yatırımlı Maks 3.5k çekim;yatırımlı;
betgamon;Maks 500tl çekim;yatırımsız;
betgar;Maks 1k çekim;yatırımsız;
betgaranti;Maks 500tl çekim;yatırımsız;
betgit;100tl yatırımlı. Maks 500tl çekim. Ana para ile devam.;yatırımlı;
betgross;500tl yatırımlı. Maks 1k çekim;yatırımlı;
bethand;Telegram bonusu. Maks 1k çekim;yatırımsız;
betifa;500tl yatırımlı. Maks 1k çekim;yatırımlı;
betigma;250tl yatırımlı. Maks 500tl çekim;yatırımlı;
betine;500tl yatırımlı. Maks 1k çekim;yatırımlı;
betiveria;300tl yatırımlı. Maks 500tl çekim;yatırımlı;
betjolly;%10 kadar maks çekim sınırsız.;yatırımsız;
betkanyon;Maks 500tl çekim;yatırımsız;
betkare;Maks 1k çekim;yatırımsız;
betkolik;1k yatırımlı. Maks 2.5k çekim;yatırımlı;
betkom;Maks 500tl çekim;yatırımsız;
betkong;Maks 1k çekim;yatırımsız;
betkorner;Maks 250tl çekim;yatırımsız;
betlesene;Maks 500tl çekim;yatırımsız;
betlike;Maks 2.5k çekim;yatırımsız;
betlist;Maks 1k çekim;yatırımsız;
betlivo;Maks 1k çekim;yatırımsız;
betlora;250tl yatırımlı. Maks 500tl çekim;yatırımlı;Evet
betmabet;Maks 500tl çekim;yatırımsız;
betmatik;100tl yatırımlı. Maks 500tl çekim;yatırımlı;
betmoon;Maks 1k çekim;yatırımsız;
betnef;1k yatırımlı. 1k çekim. Anapara ile devam;yatırımlı;
betnis;Maks 500tl çekim;yatırımsız;
betokeys;250tl yatırımlı. Maks 500tl çekim;yatırımlı;
betorbet;Min 1k maks 2.5k çekim. Çekim kadar yatırım.;yatırımlı;
betorder;2fa bonusu. Bonus tutarının maks 25 katı çekim;yatırımsız;
betorspin;300tl yatırımlı. Maks 500tl çekim. Anapara ile devam;yatırımlı;
betosfer;100tl yatırımlı. Maks 250tl çekim;yatırımlı;
betparibu;200tl yatırımlı. Maks 500tl çekim;yatırımlı;
betpark;Maks 500tl çekim;yatırımsız;
betpas;Bonus kazancı kadar yatırım. Maks 1k çekim;yatırımlı;
betper;Maks 1k çekim;yatırımsız;
betpipo;Min 500tl maks 10k çekim;yatırımsız;
betpir;300tl yatırımlı. Sınırsız çekim.;yatırımlı;
betplay;%2 si kadar yatırım. 5k ve katlarında %10 çekim;yatırımlı;
betpro;Maks 200tl çekim;yatırımsız;Evet
betpuan;Maks 500tl çekim;yatırımsız;
betra;100tl yatırımlı. Maks 500tl çekim;yatırımlı;
betredi;1k yatırımlı. Maks 1.5k çekim;yatırımlı;
betrout;2k yatırım. Maks 5k çekim;yatırımlı;
betroz;500tl yatırımlı. Maks 1k çekim.;yatırımlı;
betrupi;2.5k üstü %10u çekim yapılabilir. Sınırsız çekim;yatırımsız;
betsalvador;Maks 500tl çekim;yatırımsız;
betsat;Maks 500tl çekim;yatırımsız;
betsilin;Maks 1k çekim;yatırımsız;
betsin;Maks 2.5k çekim;yatırımsız;
betslio;1k yatırımlı. Maks 5k çekim;yatırımlı;Evet
betsnice;telegram bonusu. Yatırımsız sınırsız çekim;yatırımsız;
betsobet;Maks 500tl çekim;yatırımsız;
betticket;Maks 500tl çekim;yatırımsız;
betturka;Maks 250tl çekim;yatırımsız;
betturkey;Maks 1k çekim;yatırımsız;
betvast;Maks 250tl çekim;yatırımsız;
betvino;1k yatırımlı. Maks 2k çekim;yatırımlı;
betvole;Maks 2.5k çekim;yatırımsız;
betvoy;500tl yatırımlı. Maks 1k çekim;yatırımlı;
betwild;Maks 1k çekim;yatırımsız;
betwoon;Maks 500tl çekim;yatırımsız;
betyoner;Maks 500tl çekim;yatırımsız;
bewins;1k yatırımlı. Maks 1.5k çekim;yatırımlı;
bidaha;Maks 10k çekim;yatırımsız;Evet
bircasino;200tl yatırımlı. Maks 1k çekim;yatırımlı;
bonisa;Maks 500tl çekim;yatırımsız;
botegabahis;1k yatırım. 500tl çekim. 1k anapara ile devam;yatırımlı;
bovbet;Maks 1k çekim;yatırımsız;
bullbahis;500tl yatırımlı. Maks 1k çekim;yatırımlı;
bycasino;200tl yatırımlı. Maks 500tl çekim;yatırımlı;
bydcasino;Maks 250tl çekim;yatırımsız;
candycasino;Maks 5k çekim;yatırımsız;
carkbet;Maks 5k çekim;yatırımsız;
cashwin;Maks 5k çekim;yatırımsız;
casicosta;1k yatırımlı. Maks 1.5k çekim;yatırımlı;
casimon;Maks 500tl çekim;yatırımsız;
casimost;Maks 250tl çekim;yatırımsız;Evet
casineon;Maks 1k çekim;yatırımsız;Evet
casinoas;Maks 500tl çekim;yatırımsız;
casinobest;1k yatırımlı. Min anaparanın 10 katı maks sınır yok;yatırımlı;
casinoburada;Maks 500tl çekim;yatırımsız;
casinocadde;500tl yatırımlı. Min anaparanın 10 katı maks sınır yok;yatırımlı;
casinofast;Maks 500tl çekim;yatırımsız;
casinomega;250tl yatırımlı. Maks 500tl çekim;yatırımlı;
casinomilyon;500 tl yatırımlı. Maks 1k çekim. Anapara il devam;yatırımlı;
casinospino;Maks 500tl çekim;yatırımsız;Evet
casinovoya;min 500tl maks 1k yatırımlı. Maks 2k çekim;yatırımlı;Evet
casinowon;Maks 1k çekim;yatırımsız;
casinra;500tl yatırımlı. Maks 1k çekim;yatırımlı;
casipot;Maks 1k çekim;yatırımsız;
casitap;Maks 500tl çekim;yatırımsız;Evet
casitoros;Maks 500tl çekim;yatırımsız;Evet
casival;Maks 500tl çekim;yatırımsız;
casivera;Maks 1k çekim;yatırımsız;
cassinojuno;Maks 500tl çekim;yatırımsız;Evet
cassinox;500tl yatırımlı. 500tl çekim anapara ile devam;yatırımlı;Evet
cedabet;2k yatırımlı. Maks 2.5k çekim;yatırımlı;
celtabet;Maks 500tl çekim;yatırımsız;
celticbet;100tl yatırımlı. Maks 5k çekim;yatırımlı;
cepbahis;1k yatırımlı. Maks 2k çekim;yatırımlı;
cratoscasino;Maks 10k çekim;yatırımsız;Evet
cratosroyalbet;Maks 1k çekim;yatırımsız;
damabet;Maks 600tl çekim;yatırımsız;
darkbet;1k yatırımlı. Maks 2k çekim;yatırımlı;Evet
dedebet;Maks 500tl çekim;yatırımsız;
deltabahis;Maks 1k çekim;yatırımsız;
dengebet;Maks 200tl çekim;yatırımsız;
deobet;500tl yatırımlı. Maks 500tl çekim. Ana para ile devam;yatırımlı;Evet
dinamobet;Maks 500tl çekim;yatırımsız;
dodobet;Maks 500tl çekim;yatırımsız;
ebitbet;Çekim miktarının yarısı kadar yatırım. Maks sınır yok.;yatırımlı;
editorbet;500tl yatırımlı. Maks yatırımın 10katı çekim;yatırımlı;
efesbetcasino;Maks 1k çekim;yatırımsız;
eforbet;Maks 250tl çekim;yatırımsız;
efsanebahis;1k yatırımlı. Maks 1k çekim. Ana para ile devam.;yatırımlı;Evet
efsino;Maks 500tl çekim;yatırımsız;
elexbet;Maks 1k çekim;yatırımsız;
enbet;Maks 500tl çekim;yatırımsız;
enjoybet;Maks 250tl çekim;yatırımsız;
enobahis;Min 1k maks sınırsız. Bonus kazancı kadar yatırım.;yatırımlı;
epikbahis;Maks 1k çekim;yatırımsız;
esbet;500tl yatırımlı. Maks 1k çekim;yatırımlı;
exonbet;Maks 1.5k çekim;yatırımsız;
extrabet;Maks 1k çekim;yatırımsız;
fashionbet;Maks 1k çekim;yatırımsız;
favoribahis;%10 kadar maks çekim sınırsız.;yatırımsız;
favorislot;%10 kadar sınırsız çekim;yatırımsız;
festwin;Maks 300tl çekim;yatırımsız;
fifabahis;Maks 500tl çekim;yatırımsız;
fikstürbet;Maks 500tl çekim;yatırımsız;
finishbet;Maks 100k çekim;yatırımsız;Evet
fitcas;250tl yatırımlı. Maks 500tl çekim;yatırımlı;
fixbet;Maks 1k çekim;yatırımsız;
fraga;Çekim için 1 yatırım şart. Sınırsız çekim;yatırımlı;
galabet;Maks 1k çekim;yatırımsız;
galacasino;1k yatırımlı. Maks çekim sınırı yok.;yatırımlı;
galaxybetting;Maks 1k çekim;yatırımsız;Evet
gamabet;Maks 500tl çekim;yatırımsız;
gamben;Bonus kazancı kadar yatırım. Min 3 maks 15 katı çekim;yatırımlı;
gambi;1k yatırımlı. Maks 2k çekim;yatırımlı;
gambleron;250tl yatırımlı. Maks 500tl çekim;yatırımlı;
gameofbet;Maks 10k çekim;yatırımsız;
ganobet;Maks 1k çekim;yatırımsız;
goatbahis;1k yatırımlı. Maks 2k çekim;yatırımlı;
gobahis;250tl yatırımlı. Maks 500tl çekim;yatırımlı;
gobeti;250tl yatırımlı. Maks 500tl çekim. Anapara ile devam;yatırımlı;
golbet;Maks 1k çekim;yatırımsız;
goldenbahis;Maks 2k çekim;yatırımsız;
goldengateroyalbet;500tl yatırımlı. Maks 1k çekim;yatırımlı;Evet
golegol;Maks 1k çekim;yatırımsız;
gorabet;500tl yatırımlı. Maks 2.5k çekim;yatırımlı;
grandoperabet;500tl yatırımlı. Maks 1k çekim;yatırımlı;
grandpashabet;Maks 1k çekim;yatırımsız;
grbets;500tl yatırımlı. Maks 750tl çekim. Anapara kazanç sınırı yok.;yatırımlı;
hanedanbet;Maks 400tl çekim;yatırımsız;
harbibahis;1k yatırımlı. Maks 1.5k çekim;yatırımlı;
havanabet;maks 500tl çekim;yatırımsız;
hayalbahis;250tl yatırımlı. Maks 1250tl çekim;yatırımlı;
hepbet;Maks 1k çekim;yatırımsız;
hepyek;Maks 1k çekim;yatırımsız;
heybet;Maks 1k çekim;yatırımsız;
hilarionbet;Maks 500tl çekim;yatırımsız;
hilbet;Telegram Bonusu. 500tl yatırımlı. 500tl çek. Anapara ile devam;yatırımlı;
hiltonbet;Maks 1k çekim;yatırımsız;
hipbet;Maks 500tl çekim;yatırımsız;
hitbet;200tl bonus kazancı ile sınırsız çekim;yatırımsız;
hititbet;Telegram ve 2fa bonusu fs kazancının maks 25katı çekim;yatırımsız;
hizlibahis;100tl yatırım. Maks 300tl çekim;yatırımlı;
hojabet;Maks 500tl çekim;yatırımsız;
holeybet;1k yatırımlı. Maks 2k çekim;yatırımlı;
hugobet;500tl yatırımlı. Maks 1k çekim;yatırımlı;Evet
hullbet;500tl yatırımlı. Min -maks 2k çekim;yatırımlı;
huqqabet;Maks 1k çekim;yatırımsız;Evet
ibizabet;Maks 1k çekim;yatırımsız;
icebahis;Min 1k maks 5k çekim;yatırımsız;
ikasbet;Maks 500tl çekim;yatırımsız;
ikimisli;Maks 1k çekim;yatırımsız;
ilkbahis;500tl yatırımlı. Maks 2.5k çekim;yatırımlı;
imajbet;Maks 1k çekim;yatırımsız;
inbahis;Maks 1k çekim;yatırımsız;
interbahis;500tl yatırımlı. Maks 2.5k çekim;yatırımlı;
ironbet;100tl yatırım. Maks 300tl çekim;yatırımlı;
ispor;Maks 150tl çekim;yatırımsız;Evet
istekbet;Maks 500tl çekim;yatırımsız;
istinyecasino;Maks 500tl çekim;yatırımsız;
jackbom;250tl yatırımlı. Maks 500tl çekim;yatırımlı;
jasminbet;Maks 1k çekim;yatırımsız;
jojova;Maks 1k çekim;yatırımsız;
joybet;Maks 250tl çekim;yatırımsız;
jugoobet;Maks 500tl çekim;yatırımsız;Evet
kalebet;Maks 1k çekim;yatırımsız;
kalitebet;1k yatırımlı. 1.5k çekim. Anapara ile devam;yatırımlı;
kareasbet;Maks 500tl çekim;yatırımsız;
kargabet;Maks 1k çekim;yatırımsız;
Kasino;maks 500tl çekim;yatırımsız;
katla;Maks 1k çekim;yatırımsız;Evet
kazandra;100tl yatırımlı. Maks 1100tl çekim;yatırımlı;
kingbetting;100tl yatırım. Maks 500tl çekim;yatırımlı;
kingroyal;Maks 1k çekim;yatırımsız;
kktcbet;Maks 2k çekim;yatırımsız;
kolaybet;Maks 100tl çekim;yatırımsız;
konseycasino;Maks 1k çekim;yatırımsız;
kralbet;Maks 500tl çekim;yatırımsız;
kulisbet;Maks 500tl çekim;yatırımsız;
kuponbet;500tl yatırımlı. Maks 1k çekim.;yatırımlı;
kuzeycasino;500tl yatırımlı. Maks 1.5k çekim;yatırımlı;
lasvegas;Maks 1k çekim;yatırımsız;
leograndbet;Maks 1k çekim;yatırımsız;Evet
levabet;500tl yatırımlı. Maks 1k çekim;yatırımlı;
lidyabet;2k yatırımlı. Maks 2.5k çekim;yatırımlı;
ligobet;200tl yatırım. Maks 500tl çekim;yatırımlı;
limanbet;250tl yatırımlı. Maks 1250tl çekim;yatırımlı;
locabet;Maks 1k çekim;yatırımsız;Evet
lordbahis;Maks 500tl çekim;yatırımsız;
lordcasino;Maks 500tl çekim;yatırımsız;
lukscasino;Maks 500tl çekim;yatırımsız;
luxbet;1k yatırımlı. Maks 1.5k çekim;yatırımlı;
mackolikbet;Maks 1k çekim;yatırımsız;
madambet;Maks 2.5k çekim;yatırımsız;
madridbet;Maks 1k çekim;yatırımsız;
madridking;Maks 300tl çekim;yatırımsız;
majorx;1k yatırımlı. Maks 5k çekim;yatırımlı;
makrobet;Maks 2k çekim;yatırımsız;
maksibet;Maks 1k çekim;yatırımsız;
maltcasino;Maks 1k çekim;yatırımsız;
mariobet;Maks 500tl çekim;yatırımsız;
maritbet;100tl yatırım. Maks 400tl çekim;yatırımlı;
markaj;1k yatırım 2k çekim;yatırımlı;
marsbahis;Telegram bonusu. Maks 5k çekim;yatırımsız;
matadorbet;Maks 1k çekim;yatırımsız;
maximcasino;Maks 500tl çekim;yatırımsız;
maxroyalcasino;250tl yatırımlı. Maks 500tl çekim;yatırımlı;
maxwin;Maks 1k çekim;yatırımsız;
medusabahis;Maks 1k çekim;yatırımsız;
mekanbahis;Maks 1k çekim;yatırımsız;
mercurecasino;%10 kadar maks çekim sınırsız.;yatırımsız;
meritbet;Maks 1k çekim;yatırımsız;
meritcasino;Maks 5k çekim;yatırımsız;
meritking;Maks 1k çekim;yatırımsız;
meritlimancasino;Maks 1k çekim;yatırımsız;
meritroyalcasino;500tl yatırımlı. Maks 2k çekim;yatırımlı;
meritwin;1k yatırımlı. Maks 2k çekim;yatırımlı;
merkezbahis;250tl yatırım. Maks 500tl çekim;yatırımlı;
mersobahis;Maks 1k çekim;yatırımsız;
meybet;Maks 500tl çekim;yatırımsız;
milanobet;300tl yatırımlı. Maks 1.5k çekim;yatırımlı;
milyonluk;Maks 500tl çekim;yatırımsız;
misliwin;100tl yatırımlı. Maks 300tl çekim;yatırımlı;
mistycasino;Maks 500tl çekim;yatırımsız;
mobilcasino;1k yatırımlı. Min-Maks 7.5k çekim;yatırımlı;
modabet;Maks 1k çekim;yatırımsız;
modelbahis;1k yatırımlı. 1k çekim. Anapara ile devam;yatırımlı;
mrgamb;Min 500tl yatırım. Maks 1k çekim;yatırımlı;
napolibet;Maks 2k çekim;yatırımsız;
napolyonbet;2k yatırımlı. Maks 5k çekim;yatırımlı;
navacasino;100tl yatırımlı. Maks 250tl çekim;yatırımlı;Evet
nerobet;Maks 2k çekim;yatırımsız;
nesilbet;Maks 500tl çekim;yatırımsız;
netbahis;100tl yatırım. Maks 500tl çekim;yatırımlı;
ngsbahis;Maks 2k çekim;yatırımsız;
nimacasino;Maks 1k çekim;yatırımsız;Evet
nisanbet;100tl yatırım. Maks 500tl çekim;yatırımlı;
nisbet;Maks 500tl çekim;yatırımsız;
noktabet;Maks 1k çekim;yatırımsız;
norabahis;Sms aktifleştirme bonusu. Maks 1k çekim;yatırımsız;
odden;100tl yatırım. Maks 250tl çekim. Anapara ile devam;yatırımlı;
olabahis;Maks 1k çekim;yatırımsız;
olaycasino;100tl yatırım. Maks 500tl çekim;yatırımlı;
oldcasino;Maks 1k çekim;yatırımsız;
oneobet;Maks 500tl çekim;yatırımsız;
onwin;Maks 1k çekim;yatırımsız;
orisbet;Sms aktifleştirme bonusu. Maks 1k çekim;yatırımsız;
otobet;Maks 800tl çekim;yatırımsız;
palacebet;350tl yatırımlı. Maks 650tl çekim;yatırımlı;
palazzobet;Maks 500tl çekim;yatırımsız;
parmabet;Maks 500tl çekim;yatırımsız;
parolambet;Telegram bonusu. Maks 500tl çekim;yatırımsız;
pashagaming;Maks 1500tl çekim;yatırımsız;
pekinbet;100tlk yatırımlı. Maks 300tl çekim;yatırımlı;Evet
piabellacasino;Maks 5k çekim;yatırımsız;
piacasinobet;Maks 200tl çekim;yatırımsız;
pinbahis;200tl yatırımlı. Maks 1200tl çekim;yatırımlı;
pinco;Belge doğrulama bonusu. Sınırsız çekim;yatırımsız;
pisabet;Maks 200tl çekim;yatırımsız;
playico;Maks 3k çekim;yatırımsız;
polobet;Maks 2500tl çekim;yatırımsız;
portbet;Maks 1k çekim;yatırımsız;
portobet;1k yatırımlı. Maks 2k çekim;yatırımlı;
prensbet;1k yatırımlı. Maks kazanç sınırı yok.;yatırımlı;
primebahis;1k yatırımlı. Maks 2k çekim;yatırımlı;
privebet;Maks 500tl çekim;yatırımsız;
prizmabet;maks 750tl çekim;yatırımsız;
pulibet;250tl yatırımlı. Maks 1k çekim. Anapara ile devam.;yatırımlı;
puntobahis;Maks 300tl çekim;yatırımsız;
radissonbet;Maks 500tl çekim;yatırımsız;
ramadabet;Maks 1.5k çekim;yatırımsız;
rbet;Maks 1k çekim;yatırımsız;
realbahis;Maks 1k çekim;yatırımsız;
redwin;100tl yatırımlı. Maks 1100tl çekim;yatırımlı;
rekorbet;Maks 1k çekim;yatırımsız;
restbet;100tl yatırımlı. Maks 500tl çekim;yatırımlı;
retrobet;100tl yatırım. Maks 200tl çekim. Anapara ile devam;yatırımlı;
rinabet;Maks 1k çekim;yatırımsız;
risebet;Maks 500tl çekim;yatırımsız;
ritzbet;Maks 500tl çekim;yatırımsız;Evet
robobet;Maks 1.5k çekim;yatırımsız;Evet
roketbet;100tl yatırım. Maks 500tl çekim;yatırımlı;
romabet;500tl yatırımlı. Maks 2.5k çekim;yatırımlı;
ronabet;Maks 1k çekim;yatırımsız;
routebet;Maks 250tl çekim;yatırımsız;
royalbet;Maks 1500tl çekim;yatırımsız;
royalgardenbet;100tl yatırımlı. Maks 500tl çekim;yatırımlı;Evet
safirbet;Maks 1k çekim;yatırımsız;
sahabet;Maks 1k çekim;yatırımsız;
sahibet;Maks 250tl çekim;yatırımsız;
savoycasino;Maks 5k çekim;yatırımsız;
sefirbet;maks 750tl çekim;yatırımsız;Evet
serispin;500tl yatırımlı. Maks 1k çekim;yatırımlı;Evet
setrabet;3k yatırımlı. Maks 3k+anapara çekim;yatırımlı;
sezonbahis;maks 300tl çekim;yatırımsız;
sheratonking;500tl yatırımlı. Maks 1k çekim;yatırımlı;Evet
siyahbet;100tl yatırımlı. Maks 300tl çekim;yatırımlı;
slotbaba;200tl yatırımlı 500tl çekim. Anapara ile devam;yatırımlı;Evet
slotday;Maks 500tl çekim;yatırımsız;
slotdunyası;Min 1 adet yatırım. Maks 500tl çekim;yatırımlı;
slotella;1k yatırımlı. Maks 2k çekim;yatırımlı;Evet
slotin;100tl yatırımlı. Maks 500tl çekim;yatırımlı;
slotsaray;250tl yatırımlı. Maks 750tl çekim;yatırımlı;
smartbahis;3k yatırımlı. Maks 3k+anapara çekim;yatırımlı;
sohobet;Maks 500tl çekim;yatırımsız;
solobet;Maks 1k çekim;yatırımsız;
sonbahis;Telegram bonusu. Maks 250tl çekim;yatırımsız;
sosabet;100tl yatırım. Maks 500tl çekim;yatırımlı;
spinco;1k yatırımlı. Maks 2k çekim;yatırımlı;
spinvbet;Maks 2k çekim;yatırımsız;Evet
starora;Maks 500tl çekim;yatırımsız;
starzbet;Maks 750tl çekim;yatırımsız;
superbet;Maks 1k çekim;yatırımsız;
superbetin;Maks 500tl çekim;yatırımsız;
supertotobet;Maks 1k çekim;yatırımsız;
suprabahis;1.5k yatırımlı. Maks 2k çekim;yatırımlı;Evet
suratbet;Maks 1k çekim;yatırımsız;
tambet;Maks 1k çekim;yatırımsız;
tarafbet;Maks 500tl çekim;yatırımsız;
teosbet;Maks 1k çekim;yatırımsız;
teslabahis;Maks 500tl çekim;yatırımsız;
tiklabet;Maks 1k çekim;yatırımsız;
tikobet;Maks 1k çekim;yatırımsız;
timebet;250tl yatırım. Maks 3k çekim;yatırımlı;
tiosbet;Çekim miktarı kadar yatırımlı. Maks 20k çekim;yatırımlı;
tipobet;Maks 500tl çekim;yatırımsız;
titabet;250tl yatırımlı. Maks 500 çekim;yatırımlı;Evet
titobet;250tl yatırımlı. Maks 500tl çekim;yatırımlı;
tlcasino;Maks 1k çekim;yatırımsız;
tofasbet;Maks 250tl çekim;yatırımsız;Evet
tokyobet;500tl yatırımlı. Maks 1k çelim;yatırımlı;
trbet;200tl yatırımlı. Maks 1k çekim;yatırımlı;
trinkbet;500tl yatırımlı. Maks 1k çekim;yatırımlı;
truvabet;Maks 1k çekim;yatırımsız;
trwin;Maks 250tl çekim;yatırımsız;
tulipbet;Maks 1k çekim;yatırımsız;
turbobahis;1.5k yatırımlı. Maks 2k çekim;yatırımlı;
turkbet;Maks 500tl çekim;yatırımsız;
ultrabet;5k yatırımlı. Maks 5k+anapara çekim;yatırımlı;
ultraslot;Çekim kadar yatırımlı. Maks 3k çekim;yatırımlı;
vegabet;200tl yatırım. Maks 1k çekim;yatırımlı;
venombet;Maks 2k çekim;yatırımsız;
venüsbet;Maks 1k çekim;yatırımsız;
verabet;Çekim kadar yatırımlı. Maks 2k çekim;yatırımlı;
vevobahis;Maks 1k çekim;yatırımsız;
vippark;Maks 5k çekim;yatırımsız;
virabet;1k yatırımlı. Maks sınırı yok.;yatırımlı;
vitrinbet;Maks 400tl çekim;yatırımsız;
vizebet;Maks 1k çekim;yatırımsız;
vocobet;Maks 250tl çekim;yatırımsız;Evet
voinbet;1k yatırımlı. Maks 1.5k çekim;yatırımlı;
wbahis;Maks 1k çekim;yatırımsız;
winbir;500tl yatırımlı. Maks 1k çekim;yatırımlı;
wingamb;500tl yatırımlı. Maks 1k çekim;yatırımlı;
winxbet;Maks 500tl çekim;yatırımsız;
xbahis;Maks 3k çekim;yatırımsız;
xslot;Maks 1k çekim;yatırımsız;
yakabet;Maks 1k çekim;yatırımsız;
yedibahis;Maks 1k çekim;yatırımsız;
yoncabet;500tl yatırımlı. Maks 1k çekim;yatırımlı;Evet
zbahis;Maks 500tl çekim;yatırımsız;
zegnabet;250tl yatırımlı. Maks sınırsız;yatırımlı;
zenbet;Maks 1k çekim;yatırımsız;
zirvebet;Maks 1k çekim;yatırımsız;
zlot;250tl yatırımlı. 500tl çekim. Anapara ile devam;yatırımlı;
zumabet;Maks 500tl çekim;yatırımsız;
